{"temperature":7.900000000000034,"wind_direction":69,"main":"Clouds","pressure":1024,"wind_speed":2.79,"feels_like":6.1299999999999955}