{"temperature":7.830000000000041,"wind_direction":56,"main":"Clouds","pressure":1024,"wind_speed":2.35,"feels_like":6.3700000000000045}