{"temperature":11.120000000000005,"wind_direction":13,"main":"Clouds","pressure":1022,"wind_speed":2.4,"feels_like":9.800000000000011}