{"temperature":28.420000000000016,"wind_direction":100,"main":"Clouds","pressure":1018,"wind_speed":5.14,"feels_like":30.350000000000023}