{"temperature":-0.060000000000002274,"wind_direction":289,"main":"Clear","pressure":1024,"wind_speed":2.44,"feels_like":-3.0299999999999727}