{"temperature":11.510000000000048,"wind_direction":46,"main":"Clouds","pressure":1022,"wind_speed":2.64,"feels_like":10.200000000000045}