{"temperature":5.32000000000005,"wind_direction":325,"main":"Clouds","pressure":1024,"wind_speed":1.71,"feels_like":4.060000000000002}